334,POINT (-73.74567356126445 40.67695272804687),QU,Free,QPL,Laurelton,134-26 225 STREET,40.676952728,-73.7456735613,1054794.1253,186010.952175,Library,,Laurelton,QBPL_WIRELESS,,11/30/1899 12:00:00 AM +0000,4,Queens,QN66,Laurelton,31,11413,413,630,4063000,4281443,4131050007,415
338,POINT (-73.78430296366649 40.757545679612846),QU,Free,QPL,East Flushing,196-36 NORTHERN BOULEVARD,40.7575456796,-73.7843029637,1044006.96709,215344.594295,Library,,Flushing,QBPL_WIRELESS,,11/30/1899 12:00:00 AM +0000,4,Queens,QN48,Auburndale,19,11358,411,145101,4145101,4124564,4055200018,419
615,POINT (-73.95911529044629 40.652456790042855),BK,Free,LinkNYC - Citybridge,bk-14-145755,827 Flatbush Ave,40.652457,-73.959115,995594.63031,176986.631953,Outdoor Kiosk,"Tablet Internet -phone , Free 1 GB Wi-FI Service",Brooklyn,LinkNYC Free Wi-Fi,LINK-018082,04/05/2017 12:00:00 AM +0000,3,Brooklyn,BK60,Prospect Lefferts Gardens-Wingate,40,11226,314,79602,3079602,3335776,3050830001,1807
1490,POINT (-73.9528208930685 40.77823255701791),MN,Free,LinkNYC - Citybridge,mn-08-128743,228 EAST 86 STREET,40.778233,-73.952821,997316.510057,222811.456753,Outdoor Kiosk,"Tablet Internet -phone , Free 1 GB Wi-FI Service",New York,LinkNYC Free Wi-Fi,LINK-010367,02/01/2017 12:00:00 AM +0000,1,Manhattan,MN32,Yorkville,5,10028,108,14601,1014601,1048779,1015310035,2303
1118,POINT (-73.96753849952732 40.76045675959568),MN,Free,LinkNYC - Citybridge,mn-06-138438,954 3Rd Ave,40.760457,-73.967539,993242.788958,216333.290299,Outdoor Kiosk,"Tablet Internet -phone , Free 1 GB Wi-FI Service",New York,LinkNYC Free Wi-Fi,LINK-000363,03/18/2016 12:00:00 AM +0000,1,Manhattan,MN19,Turtle Bay-East Midtown,4,10022,106,11203,1011203,1036912,1013120033,135
2316,POINT (-73.86504999996164 40.67704399964567),BK,Free,Transit Wireless,Grant Av (A),Grant Av (A),40.677044,-73.86505,1021681.91757,185970.630862,Subway Station,SN 189,Brooklyn,TransitWirelessWiFi,,11/30/1899 12:00:00 AM +0000,3,Brooklyn,BK83,Cypress Hills-City Line,37,11208,305,1202,3120200,0,3042230001,1723
