﻿User,Email,Client,Project,Task,Description,Billable,Start date,Start time,End date,End time,Duration,Tags,Amount ()
Jbu71,jbu71@uclive.ac.nz,SENG202,SENG202 Project Phase 2,,Weekly Lecture,No,2017-08-15,11:00:00,2017-08-15,11:50:00,00:50:00,lab,
Jbu71,jbu71@uclive.ac.nz,SENG202,SENG202 Project Phase 2,,Weekly Lab,No,2017-08-17,12:00:00,2017-08-17,14:00:00,02:00:00,lab,
Jbu71,jbu71@uclive.ac.nz,SENG202,SENG202 Project Phase 2,,Weekly Lab,No,2017-08-18,13:00:00,2017-08-18,15:00:00,02:00:00,lab,
Jbu71,jbu71@uclive.ac.nz,SENG202,SENG202 Project Phase 2,,weekly meeting,No,2017-08-21,12:34:49,2017-08-21,12:54:36,00:19:47,meeting,
Jbu71,jbu71@uclive.ac.nz,SENG202,SENG202 Project Phase 2,,making classes for data types ,No,2017-08-21,19:52:18,2017-08-21,20:41:30,00:49:12,implement,
Jbu71,jbu71@uclive.ac.nz,SENG202,SENG202 Project Phase 2,,Tuesday lecture ,No,2017-08-22,11:01:48,2017-08-22,11:46:35,00:44:47,lab,
Jbu71,jbu71@uclive.ac.nz,SENG202,SENG202 Project Phase 2,,adding to csvloader,No,2017-08-22,20:44:34,2017-08-22,21:54:14,01:09:40,implement,
Jbu71,jbu71@uclive.ac.nz,SENG202,SENG202 Project Phase 2,,planning meeting,No,2017-08-24,10:00:04,2017-08-24,10:53:43,00:53:39,meeting,
Jbu71,jbu71@uclive.ac.nz,SENG202,SENG202 Project Phase 2,,weekly lab,No,2017-08-24,11:00:55,2017-08-24,12:49:18,01:48:23,lab,
Jbu71,jbu71@uclive.ac.nz,SENG202,SENG202 Project Phase 2,,weekly lab,No,2017-08-25,13:00:24,2017-08-25,14:20:37,01:20:13,lab,
Jbu71,jbu71@uclive.ac.nz,SENG202,SENG202 Project Phase 2,,working on data analysis ,No,2017-08-28,12:30:08,2017-08-28,14:45:56,02:15:48,implement,
Jbu71,jbu71@uclive.ac.nz,SENG202,SENG202 Project Phase 2,,continue work on fp3,No,2017-08-28,16:08:18,2017-08-28,16:31:35,00:23:17,meeting,
Jbu71,jbu71@uclive.ac.nz,SENG202,SENG202 Project Phase 2,,feature package 3,No,2017-08-29,19:10:24,2017-08-29,19:23:47,00:13:23,implement,
Jbu71,jbu71@uclive.ac.nz,SENG202,SENG202 Project Phase 2,,feature package 3,No,2017-08-29,19:36:29,2017-08-29,21:13:05,01:36:36,implement,
Jbu71,jbu71@uclive.ac.nz,SENG202,SENG202 Project Phase 2,,feature package 3,No,2017-08-30,14:50:32,2017-08-30,15:55:27,01:04:55,implement,
Jbu71,jbu71@uclive.ac.nz,SENG202,SENG202 Project Phase 2,,meeting ,No,2017-08-31,10:15:33,2017-08-31,10:51:35,00:36:02,meeting,
Jbu71,jbu71@uclive.ac.nz,SENG202,SENG202 Project Phase 2,,merging branches,No,2017-09-01,14:50:01,2017-09-01,15:31:01,00:41:00,refactor,
Jbu71,jbu71@uclive.ac.nz,SENG202,SENG202 Project Phase 2,,fixing branches to integrate all changes ,No,2017-09-02,19:45:13,2017-09-02,20:23:41,00:38:28,refactor,
Jbu71,jbu71@uclive.ac.nz,SENG202,SENG202 Project Phase 2,,weekly meeting,No,2017-09-04,12:30:16,2017-09-04,12:57:14,00:26:58,meeting,
Jbu71,jbu71@uclive.ac.nz,SENG202,SENG202 Project Phase 2,,weekly meeting ,No,2017-09-11,12:30:25,2017-09-11,13:00:25,00:30:00,meeting,
Jbu71,jbu71@uclive.ac.nz,SENG202,SENG202 Project Phase 2,,lecture ,No,2017-09-12,11:00:33,2017-09-12,11:50:22,00:49:49,lab,
Jbu71,jbu71@uclive.ac.nz,SENG202,SENG202 Project Phase 2,,weekly meeting ,No,2017-09-14,10:00:42,2017-09-14,10:52:11,00:51:29,meeting,
Jbu71,jbu71@uclive.ac.nz,SENG202,SENG202 Project Phase 2,,stand up ,No,2017-09-14,11:00:04,2017-09-14,12:14:14,01:14:10,lab,
Jbu71,jbu71@uclive.ac.nz,SENG202,SENG202 Project Phase 2,,added to fp4 and auto generation of filters ,No,2017-09-16,15:15:09,2017-09-16,16:07:52,00:52:43,implement,
Jbu71,jbu71@uclive.ac.nz,SENG202,SENG202 Project Phase 2,,added to fp4 and auto generation of filters ,No,2017-09-16,16:20:56,2017-09-16,17:31:53,01:10:57,implement,
Jbu71,jbu71@uclive.ac.nz,SENG202,SENG202 Project Phase 2,,adding auto generation of primary functions ,No,2017-09-17,14:39:06,2017-09-17,15:36:28,00:57:22,implement,
Jbu71,jbu71@uclive.ac.nz,SENG202,SENG202 Project Phase 2,,adding auto generation of functions test data analiser properly,No,2017-09-17,15:50:07,2017-09-17,16:20:13,00:30:06,implement,
Jbu71,jbu71@uclive.ac.nz,SENG202,SENG202 Project Phase 2,,weekly meeting ,No,2017-09-18,12:26:28,2017-09-18,12:52:48,00:26:20,meeting,
Jbu71,jbu71@uclive.ac.nz,SENG202,SENG202 Project Phase 2,,add more auto generation fields fix documentation and merge,No,2017-09-18,19:59:30,2017-09-18,22:59:57,03:00:27,implement,
Jbu71,jbu71@uclive.ac.nz,SENG202,SENG202 Project Phase 2,,fix broken maven dependencies ,No,2017-09-19,11:10:31,2017-09-19,11:54:40,00:44:09,chore,
Jbu71,jbu71@uclive.ac.nz,SENG202,SENG202 Project Phase 2,,add user model class,No,2017-09-19,11:55:07,2017-09-19,13:22:36,01:27:29,implement,
Jbu71,jbu71@uclive.ac.nz,SENG202,SENG202 Project Phase 2,,adding javadoc,No,2017-09-19,18:15:38,2017-09-19,18:55:04,00:39:26,document,
Jbu71,jbu71@uclive.ac.nz,SENG202,SENG202 Project Phase 2,,add security to passwords ,No,2017-09-19,18:55:06,2017-09-19,19:50:29,00:55:23,implement,
Jbu71,jbu71@uclive.ac.nz,SENG202,SENG202 Project Phase 2,,reviewing progress and cleaning up old branches ,No,2017-09-20,20:45:52,2017-09-20,21:02:44,00:16:52,chore,
Jbu71,jbu71@uclive.ac.nz,SENG202,SENG202 Project Phase 2,,design document update ,No,2017-09-20,21:05:02,2017-09-20,22:10:50,01:05:48,designdoc,
Jbu71,jbu71@uclive.ac.nz,SENG202,SENG202 Project Phase 2,,weekly meeting ,No,2017-09-21,10:00:30,2017-09-21,10:57:58,00:57:28,meeting,
Jbu71,jbu71@uclive.ac.nz,SENG202,SENG202 Project Phase 2,,weekly standup,No,2017-09-21,11:00:34,2017-09-21,12:10:07,01:09:33,mobile,
Jbu71,jbu71@uclive.ac.nz,SENG202,SENG202 Project Phase 2,,implementation of retailers search ,No,2017-09-21,12:10:17,2017-09-21,13:30:36,01:20:19,implement,
Jbu71,jbu71@uclive.ac.nz,SENG202,SENG202 Project Phase 2,,design document update ,No,2017-09-21,18:10:01,2017-09-21,18:22:09,00:12:08,designdoc,
Jbu71,jbu71@uclive.ac.nz,SENG202,SENG202 Project Phase 2,,check object for equality ,No,2017-09-21,18:23:35,2017-09-21,20:12:26,01:48:51,implement,
Jbu71,jbu71@uclive.ac.nz,SENG202,SENG202 Project Phase 2,,check object for equality ,No,2017-09-21,21:40:36,2017-09-21,22:16:11,00:35:35,implement,
Jbu71,jbu71@uclive.ac.nz,SENG202,SENG202 Project Phase 2,,add methods to rank wifi points on distance from trip ,No,2017-09-22,11:08:32,2017-09-22,11:56:06,00:47:34,implement,
Jbu71,jbu71@uclive.ac.nz,SENG202,SENG202 Project Phase 2,,basic routing ,No,2017-09-22,11:58:04,2017-09-22,12:34:23,00:36:19,implement,
Jbu71,jbu71@uclive.ac.nz,SENG202,SENG202 Project Phase 2,,meeting,No,2017-09-22,13:00:30,2017-09-22,14:34:11,01:33:41,meeting,
Jbu71,jbu71@uclive.ac.nz,SENG202,SENG202 Project Phase 2,,basic routing ,No,2017-09-22,14:34:17,2017-09-22,14:49:47,00:15:30,implement,
Jbu71,jbu71@uclive.ac.nz,SENG202,SENG202 Project Phase 2,,design document update ,No,2017-09-24,14:18:47,2017-09-24,14:59:45,00:40:58,designdoc,
Jbu71,jbu71@uclive.ac.nz,SENG202,SENG202 Project Phase 2,,fixing jar problems ,No,2017-09-24,16:30:36,2017-09-24,18:01:33,01:30:57,mobile,
Jbu71,jbu71@uclive.ac.nz,SENG202,SENG202 Project Phase 2,,design document update ,No,2017-09-24,21:25:26,2017-09-24,21:41:58,00:16:32,designdoc,
Jbu71,jbu71@uclive.ac.nz,SENG202,SENG202 Project Phase 2,,design document update ,No,2017-09-24,22:11:20,2017-09-25,00:00:19,01:48:59,designdoc,
Jbu71,jbu71@uclive.ac.nz,SENG202,SENG202 Project Phase 2,,acceptance testing ,No,2017-09-25,00:00:28,2017-09-25,00:28:05,00:27:37,test,
Jbu71,jbu71@uclive.ac.nz,SENG202,SENG202 Project Phase 2,,design document update ,No,2017-09-25,00:28:11,2017-09-25,00:38:18,00:10:07,designdoc,
Jbu71,jbu71@uclive.ac.nz,SENG202,SENG202 Project Phase 2,,design document update ,No,2017-09-25,00:55:11,2017-09-25,01:20:00,00:24:49,designdoc,
Jbu71,jbu71@uclive.ac.nz,SENG202,SENG202 Project Phase 2,,running unit tests with coverage ,No,2017-09-25,01:20:02,2017-09-25,02:06:20,00:46:18,test,
Jbu71,jbu71@uclive.ac.nz,SENG202,SENG202 Project Phase 2,,design document update ,No,2017-09-25,09:30:17,2017-09-25,10:27:52,00:57:35,designdoc,
Jbu71,jbu71@uclive.ac.nz,SENG202,SENG202 Project Phase 2,,meeting ,No,2017-09-25,12:30:33,2017-09-25,13:00:42,00:30:09,meeting,
Jbu71,jbu71@uclive.ac.nz,SENG202,SENG202 Project Phase 2,,fix issue with jar not seeing resources ,No,2017-09-25,15:00:28,2017-09-25,15:56:37,00:56:09,fix,
Jbu71,jbu71@uclive.ac.nz,SENG202,SENG202 Project Phase 2,,design document update ,No,2017-09-25,15:56:39,2017-09-25,16:51:26,00:54:47,designdoc,
Jbu71,jbu71@uclive.ac.nz,SENG202,SENG202 Project Phase 2,,design document update ,No,2017-09-25,20:16:33,2017-09-26,00:30:27,04:13:54,designdoc,
Jbu71,jbu71@uclive.ac.nz,SENG202,SENG202 Project Phase 2,,design document update ,No,2017-09-26,01:09:26,2017-09-26,02:10:04,01:00:38,designdoc,
Jbu71,jbu71@uclive.ac.nz,SENG202,SENG202 Project Phase 2,,design document update ,No,2017-09-26,09:38:57,2017-09-26,09:56:38,00:17:41,designdoc,
Jbu71,jbu71@uclive.ac.nz,SENG202,SENG202 Project Phase 2,,weekly lecture ,No,2017-09-26,10:59:56,2017-09-26,11:16:57,00:17:01,lab,
Jbu71,jbu71@uclive.ac.nz,SENG202,SENG202 Project Phase 2,,add readme,No,2017-09-26,11:25:23,2017-09-26,12:21:53,00:56:30,document,
Jbu71,jbu71@uclive.ac.nz,SENG202,SENG202 Project Phase 2,,design document update ,No,2017-09-26,12:21:55,2017-09-26,13:15:05,00:53:09,designdoc,
Jbu71,jbu71@uclive.ac.nz,SENG202,SENG202 Project Phase 2,,add Java document files ,No,2017-09-26,13:15:07,2017-09-26,13:31:30,00:16:23,document,
Jbu71,jbu71@uclive.ac.nz,SENG202,SENG202 Project Phase 2,,prepare deliverable for delivery ,No,2017-09-26,13:31:31,2017-09-26,14:00:31,00:29:00,chore,
