﻿User,Email,Client,Project,Task,Description,Billable,Start date,Start time,End date,End time,Duration,Tags,Amount ()
Rna59,rna59@uclive.ac.nz,SENG202,SENG202 Project Phase 2,,Lecture,No,2017-08-15,11:00:46,2017-08-15,12:00:46,01:00:00,lab,
Rna59,rna59@uclive.ac.nz,SENG202,SENG202 Project Phase 2,,Lab,No,2017-08-17,11:00:58,2017-08-17,13:00:58,02:00:00,lab,
Rna59,rna59@uclive.ac.nz,SENG202,SENG202 Project Phase 2,,Meeting,No,2017-08-21,12:30:13,2017-08-21,12:50:13,00:20:00,meeting,
Rna59,rna59@uclive.ac.nz,SENG202,SENG202 Project Phase 2,,Meeting,No,2017-08-24,10:00:17,2017-08-24,10:50:17,00:50:00,meeting,
Rna59,rna59@uclive.ac.nz,SENG202,SENG202 Project Phase 2,,Resolve SQL Maven issues,No,2017-08-28,11:30:50,2017-08-28,12:30:51,01:00:01,chore,
Rna59,rna59@uclive.ac.nz,SENG202,SENG202 Project Phase 2,,DatabaseManager SQLite setup,No,2017-08-28,12:30:05,2017-08-28,15:13:30,02:43:25,implement,
Rna59,rna59@uclive.ac.nz,SENG202,SENG202 Project Phase 2,,DatabaseManager methods,No,2017-08-31,15:00:00,2017-08-31,19:00:00,04:00:00,implement,
Rna59,rna59@uclive.ac.nz,SENG202,SENG202 Project Phase 2,,Write DatabaseManager tests,No,2017-09-04,11:00:00,2017-09-04,15:00:00,04:00:00,test,
Rna59,rna59@uclive.ac.nz,SENG202,SENG202 Project Phase 2,,DatabaseManager methods,No,2017-09-06,10:30:00,2017-09-06,12:00:00,01:30:00,implement,
Rna59,rna59@uclive.ac.nz,SENG202,SENG202 Project Phase 2,,Meeting,No,2017-09-11,12:30:00,2017-09-11,13:00:00,00:30:00,meeting,
Rna59,rna59@uclive.ac.nz,SENG202,SENG202 Project Phase 2,,Lecture,No,2017-09-12,11:00:00,2017-09-12,12:00:00,01:00:00,lab,
Rna59,rna59@uclive.ac.nz,SENG202,SENG202 Project Phase 2,,Using preparedstatements,No,2017-09-13,16:00:00,2017-09-13,18:30:00,02:30:00,refactor,
Rna59,rna59@uclive.ac.nz,SENG202,SENG202 Project Phase 2,,Lab,No,2017-09-15,13:00:00,2017-09-15,15:00:00,02:00:00,lab,
Rna59,rna59@uclive.ac.nz,SENG202,SENG202 Project Phase 2,,DatabaseManager,No,2017-09-17,18:45:24,2017-09-17,21:35:05,02:49:41,implement,
Rna59,rna59@uclive.ac.nz,SENG202,SENG202 Project Phase 2,,DatabaseManager,No,2017-09-19,15:00:17,2017-09-19,23:46:15,08:45:58,implement,
Rna59,rna59@uclive.ac.nz,SENG202,SENG202 Project Phase 2,,AWS/Azure research and testing,No,2017-09-20,22:06:00,2017-09-21,00:17:00,02:11:00,research,
Rna59,rna59@uclive.ac.nz,SENG202,SENG202 Project Phase 2,,RemoteDatabaseManager core methods,No,2017-09-24,15:51:17,2017-09-24,16:43:15,00:51:58,implement,
Rna59,rna59@uclive.ac.nz,SENG202,SENG202 Project Phase 2,,Meeting,No,2017-09-25,12:10:00,2017-09-25,12:55:00,00:45:00,meeting,
Rna59,rna59@uclive.ac.nz,SENG202,SENG202 Project Phase 2,,Resolve AWS issues,No,2017-09-25,15:00:00,2017-09-25,16:10:00,01:10:00,fix,
