﻿User,Email,Client,Project,Task,Description,Billable,Start date,Start time,End date,End time,Duration,Tags,Amount ()
Jbe113,jbe113@uclive.ac.nz,SENG202,SENG202 Project Phase 2,,Lecture,No,2017-08-15,11:00:00,2017-08-15,12:00:00,01:00:00,lab,
Jbe113,jbe113@uclive.ac.nz,SENG202,SENG202 Project Phase 2,,Lab Stand up W5,No,2017-08-17,11:00:00,2017-08-17,13:00:00,02:00:00,lab,
Jbe113,jbe113@uclive.ac.nz,SENG202,SENG202 Project Phase 2,,Lab W5,No,2017-08-18,13:00:00,2017-08-18,15:00:00,02:00:00,lab,
Jbe113,jbe113@uclive.ac.nz,SENG202,SENG202 Project Phase 2,,Adding feature packages and their checklists to the trello Feature Packages board,No,2017-08-20,09:46:20,2017-08-20,10:01:38,00:15:18,chore,
Jbe113,jbe113@uclive.ac.nz,SENG202,SENG202 Project Phase 2,,Setting up work for the week on trello,No,2017-08-21,12:30:57,2017-08-21,12:53:06,00:22:09,meeting,
Jbe113,jbe113@uclive.ac.nz,SENG202,SENG202 Project Phase 2,,Tuesday lecture,No,2017-08-22,11:00:04,2017-08-22,11:45:04,00:45:00,lab,
Jbe113,jbe113@uclive.ac.nz,SENG202,SENG202 Project Phase 2,,"Git GUI branch and getting started on views, spent a lot of time researching how to get the fxml views to launch properly from different packages",No,2017-08-22,12:04:14,2017-08-22,13:08:01,01:03:47,implement,
Jbe113,jbe113@uclive.ac.nz,SENG202,SENG202 Project Phase 2,,"Researching how to get Maven, JavaFX and Intellij all working together, didn't get anywhere...",No,2017-08-22,22:00:17,2017-08-22,22:25:17,00:25:00,implement,
Jbe113,jbe113@uclive.ac.nz,SENG202,SENG202 Project Phase 2,,"Researching how to get Maven, JavaFX and Intellij all working together, didn't get anywhere...",No,2017-08-22,22:26:13,2017-08-22,22:42:34,00:16:21,implement,
Jbe113,jbe113@uclive.ac.nz,SENG202,SENG202 Project Phase 2,,"Creating GUI functionality in a seperate project without Maven, can copy in later",No,2017-08-22,22:45:30,2017-08-22,23:08:30,00:23:00,implement,
Jbe113,jbe113@uclive.ac.nz,SENG202,SENG202 Project Phase 2,,"Creating GUI functionality in a seperate project without Maven, can copy in later",No,2017-08-22,23:09:28,2017-08-23,00:00:28,00:51:00,implement,
Jbe113,jbe113@uclive.ac.nz,SENG202,SENG202 Project Phase 2,,Trying to figure out the Maven plugin for JavaFX... still,No,2017-08-23,00:46:36,2017-08-23,01:09:06,00:22:30,implement,
Jbe113,jbe113@uclive.ac.nz,SENG202,SENG202 Project Phase 2,,Commenting Controller logic,No,2017-08-23,23:28:43,2017-08-23,23:57:31,00:28:48,document,
Jbe113,jbe113@uclive.ac.nz,SENG202,SENG202 Project Phase 2,,Meeting for week past and standup,No,2017-08-24,10:12:07,2017-08-24,10:50:50,00:38:43,meeting,
Jbe113,jbe113@uclive.ac.nz,SENG202,SENG202 Project Phase 2,,Lab Standup W6,No,2017-08-24,11:00:00,2017-08-24,13:00:00,02:00:00,lab,
Jbe113,jbe113@uclive.ac.nz,SENG202,SENG202 Project Phase 2,,Lab Testing W6,No,2017-08-25,13:00:00,2017-08-25,14:50:00,01:50:00,lab,
Jbe113,jbe113@uclive.ac.nz,SENG202,SENG202 Project Phase 2,,Setting up package structure for Controller and views,No,2017-08-28,09:28:26,2017-08-28,09:39:31,00:11:05,refactor,
Jbe113,jbe113@uclive.ac.nz,SENG202,SENG202 Project Phase 2,,Reading the CSVLoader class for understanding,No,2017-08-28,09:47:11,2017-08-28,09:52:11,00:05:00,chore,
Jbe113,jbe113@uclive.ac.nz,SENG202,SENG202 Project Phase 2,,"Merge of GUI to master, rebranching for further dev",No,2017-08-28,10:00:45,2017-08-28,10:18:45,00:18:00,chore,
Jbe113,jbe113@uclive.ac.nz,SENG202,SENG202 Project Phase 2,,Researching and implementing display of data in a javaFX tableview,No,2017-08-28,10:19:17,2017-08-28,13:47:38,03:28:21,implement,
Jbe113,jbe113@uclive.ac.nz,SENG202,SENG202 Project Phase 2,,Meeting,No,2017-08-31,10:19:12,2017-08-31,10:43:29,00:24:17,meeting,
Jbe113,jbe113@uclive.ac.nz,SENG202,SENG202 Project Phase 2,,Loading different tyes of the csv data,No,2017-08-31,11:04:37,2017-08-31,12:19:04,01:14:27,implement,
Jbe113,jbe113@uclive.ac.nz,SENG202,SENG202 Project Phase 2,,Double clicking an entry in the table view to see detailed results in a popup. Handling graceful exits from the filechooser on cancelling file selection.,No,2017-09-03,12:06:48,2017-09-03,13:11:49,01:05:01,implement,
Jbe113,jbe113@uclive.ac.nz,SENG202,SENG202 Project Phase 2,,"Researching and implementing the filtering of data in the table, only working on retailers at the moment",No,2017-09-03,18:24:00,2017-09-03,19:37:34,01:13:34,implement,
Jbe113,jbe113@uclive.ac.nz,SENG202,SENG202 Project Phase 2,,JavaDoc table controller,No,2017-09-03,19:38:32,2017-09-03,19:54:08,00:15:36,document,
Jbe113,jbe113@uclive.ac.nz,SENG202,SENG202 Project Phase 2,,Merge Double clicking an entry to Master,No,2017-09-06,16:57:34,2017-09-06,17:07:28,00:09:54,chore,
Jbe113,jbe113@uclive.ac.nz,SENG202,SENG202 Project Phase 2,,Testing out text searching of street in retailers. Adding a text box to the view and handling it in controller,No,2017-09-06,17:09:23,2017-09-06,17:36:50,00:27:27,research,
Jbe113,jbe113@uclive.ac.nz,SENG202,SENG202 Project Phase 2,,"Retailer filtering specifics. Street search, Primary function and ZIP",No,2017-09-06,17:38:10,2017-09-06,19:09:15,01:31:05,implement,
Jbe113,jbe113@uclive.ac.nz,SENG202,SENG202 Project Phase 2,,Javadoc new functions,No,2017-09-06,19:09:45,2017-09-06,19:16:53,00:07:08,document,
Jbe113,jbe113@uclive.ac.nz,SENG202,SENG202 Project Phase 2,,Landing screen functionality,No,2017-09-07,09:02:31,2017-09-07,09:58:31,00:56:00,implement,
Jbe113,jbe113@uclive.ac.nz,SENG202,SENG202 Project Phase 2,,"Building Gui for three separate tables for bike,retailer, WiFi",No,2017-09-07,10:07:04,2017-09-07,11:59:02,01:51:58,implement,
Jbe113,jbe113@uclive.ac.nz,SENG202,SENG202 Project Phase 2,,"Working on the three different tables. getting displaying correctly, and filtering working",No,2017-09-10,11:09:18,2017-09-10,12:38:51,01:29:33,implement,
Jbe113,jbe113@uclive.ac.nz,SENG202,SENG202 Project Phase 2,,"Merging work with master, no issues",No,2017-09-10,12:38:01,2017-09-10,12:50:01,00:12:00,chore,
Jbe113,jbe113@uclive.ac.nz,SENG202,SENG202 Project Phase 2,,Lecture,No,2017-09-12,11:00:00,2017-09-12,12:00:00,01:00:00,lab,
Jbe113,jbe113@uclive.ac.nz,SENG202,SENG202 Project Phase 2,,Team meeting,No,2017-09-14,10:00:00,2017-09-14,11:00:00,01:00:00,meeting,
Jbe113,jbe113@uclive.ac.nz,SENG202,SENG202 Project Phase 2,,Lab,No,2017-09-14,11:00:00,2017-09-14,13:00:00,02:00:00,lab,
Jbe113,jbe113@uclive.ac.nz,SENG202,SENG202 Project Phase 2,,Lab,No,2017-09-15,13:00:00,2017-09-15,15:00:00,02:00:00,lab,
Jbe113,jbe113@uclive.ac.nz,SENG202,SENG202 Project Phase 2,,"Working on manually entering data points, doing bike trips for now",No,2017-09-17,17:27:33,2017-09-17,19:29:59,02:02:26,implement,
Jbe113,jbe113@uclive.ac.nz,SENG202,SENG202 Project Phase 2,,Refactoring and cleaning up code,No,2017-09-18,11:34:30,2017-09-18,12:30:14,00:55:44,refactor,
Jbe113,jbe113@uclive.ac.nz,SENG202,SENG202 Project Phase 2,,Team meeting,No,2017-09-18,12:30:11,2017-09-18,12:55:11,00:25:00,meeting,
Jbe113,jbe113@uclive.ac.nz,SENG202,SENG202 Project Phase 2,,opening more than one table at a time,No,2017-09-18,17:51:23,2017-09-18,18:46:21,00:54:58,implement,
Jbe113,jbe113@uclive.ac.nz,SENG202,SENG202 Project Phase 2,,"manually entering bike data, validating fields before being able to add the trip",No,2017-09-18,18:46:46,2017-09-18,21:02:52,02:16:06,implement,
Jbe113,jbe113@uclive.ac.nz,SENG202,SENG202 Project Phase 2,,Semi persistent custom bike trips using the dummy model class,No,2017-09-18,21:09:02,2017-09-18,22:23:02,01:14:00,implement,
Jbe113,jbe113@uclive.ac.nz,SENG202,SENG202 Project Phase 2,,Refining the add bike trip view,No,2017-09-18,22:23:00,2017-09-18,23:04:55,00:41:55,implement,
Jbe113,jbe113@uclive.ac.nz,SENG202,SENG202 Project Phase 2,,Organizing trello,No,2017-09-18,23:45:00,2017-09-19,00:05:00,00:20:00,chore,
Jbe113,jbe113@uclive.ac.nz,SENG202,SENG202 Project Phase 2,,Checking add biketrip fields for validity,No,2017-09-19,08:49:43,2017-09-19,09:50:00,01:00:17,implement,
Jbe113,jbe113@uclive.ac.nz,SENG202,SENG202 Project Phase 2,,Add wifi GUI layout,No,2017-09-19,09:50:19,2017-09-19,10:34:19,00:44:00,implement,
Jbe113,jbe113@uclive.ac.nz,SENG202,SENG202 Project Phase 2,,Add wifi GUI layout,No,2017-09-19,10:39:48,2017-09-19,11:17:20,00:37:32,implement,
Jbe113,jbe113@uclive.ac.nz,SENG202,SENG202 Project Phase 2,,Merging ManuallyEnterData,No,2017-09-19,11:17:36,2017-09-19,11:29:02,00:11:26,chore,
Jbe113,jbe113@uclive.ac.nz,SENG202,SENG202 Project Phase 2,,"New feature branch ManuallyEnterWifi created. Working on the GUI layout, and validating user input when addind wifi",No,2017-09-19,11:47:33,2017-09-19,13:12:04,01:24:31,implement,
Jbe113,jbe113@uclive.ac.nz,SENG202,SENG202 Project Phase 2,,GUI for addRetailerPoint,No,2017-09-20,12:16:33,2017-09-20,12:55:36,00:39:03,implement,
Jbe113,jbe113@uclive.ac.nz,SENG202,SENG202 Project Phase 2,,"Checking of fields in adding wifi points, now get add",No,2017-09-20,21:20:58,2017-09-20,22:34:00,01:13:02,implement,
Jbe113,jbe113@uclive.ac.nz,SENG202,SENG202 Project Phase 2,,Attempting to resolve maven dependencies,No,2017-09-20,22:34:35,2017-09-20,22:44:35,00:10:00,chore,
Jbe113,jbe113@uclive.ac.nz,SENG202,SENG202 Project Phase 2,,Attempting to resolve maven dependencies,No,2017-09-20,22:45:04,2017-09-20,23:44:04,00:59:00,chore,
Jbe113,jbe113@uclive.ac.nz,SENG202,SENG202 Project Phase 2,,Code Demo and then work on user account custom point persistence,No,2017-09-21,11:00:18,2017-09-21,12:50:18,01:50:00,lab,
Jbe113,jbe113@uclive.ac.nz,SENG202,SENG202 Project Phase 2,,Add retailer class skeleton,No,2017-09-21,12:51:03,2017-09-21,13:03:47,00:12:44,implement,
Jbe113,jbe113@uclive.ac.nz,SENG202,SENG202 Project Phase 2,,Checking add Retailer fields for valid input,No,2017-09-21,17:50:50,2017-09-21,18:36:50,00:46:00,implement,
Jbe113,jbe113@uclive.ac.nz,SENG202,SENG202 Project Phase 2,,Meeting to discuss deliverable 1,No,2017-09-22,13:00:17,2017-09-22,14:15:17,01:15:00,meeting,
Jbe113,jbe113@uclive.ac.nz,SENG202,SENG202 Project Phase 2,,Adding retailers to usermodel and tableview when custom points are created,No,2017-09-22,17:36:43,2017-09-22,18:20:43,00:44:00,implement,
Jbe113,jbe113@uclive.ac.nz,SENG202,SENG202 Project Phase 2,,General fixes on the tables.No longer hard coding filter values in comboboxes,No,2017-09-22,21:14:27,2017-09-22,23:08:36,01:54:09,implement,
Jbe113,jbe113@uclive.ac.nz,SENG202,SENG202 Project Phase 2,,Merging AddCustomRetailers to master,No,2017-09-22,23:08:51,2017-09-22,23:23:02,00:14:11,chore,
Jbe113,jbe113@uclive.ac.nz,SENG202,SENG202 Project Phase 2,,Preventing adding of duplicate points in the tables,No,2017-09-22,23:24:06,2017-09-22,23:44:06,00:20:00,implement,
Jbe113,jbe113@uclive.ac.nz,SENG202,SENG202 Project Phase 2,,"Adding logout functionality, and a map launcher to the landing screen",No,2017-09-22,23:44:08,2017-09-23,00:15:08,00:31:00,implement,
Jbe113,jbe113@uclive.ac.nz,SENG202,SENG202 Project Phase 2,,Refactoring and Javadoc,No,2017-09-23,19:49:38,2017-09-23,20:21:21,00:31:43,refactor,
Jbe113,jbe113@uclive.ac.nz,SENG202,SENG202 Project Phase 2,,Refactoring and Javadoc,No,2017-09-23,20:42:19,2017-09-23,21:10:42,00:28:23,refactor,
Jbe113,jbe113@uclive.ac.nz,SENG202,SENG202 Project Phase 2,,Refactoring and Javadoc,No,2017-09-24,12:27:10,2017-09-24,12:34:48,00:07:38,refactor,
Jbe113,jbe113@uclive.ac.nz,SENG202,SENG202 Project Phase 2,,Refactoring and Javadoc,No,2017-09-24,13:13:50,2017-09-24,14:21:50,01:08:00,refactor,
Jbe113,jbe113@uclive.ac.nz,SENG202,SENG202 Project Phase 2,,Refactoring and Javadoc,No,2017-09-24,16:34:36,2017-09-24,17:34:36,01:00:00,refactor,
Jbe113,jbe113@uclive.ac.nz,SENG202,SENG202 Project Phase 2,,Fixing maven package problems,No,2017-09-24,21:32:11,2017-09-24,22:35:59,01:03:48,fix,
Jbe113,jbe113@uclive.ac.nz,SENG202,SENG202 Project Phase 2,,Attempting to fix file path issues,No,2017-09-24,22:51:11,2017-09-24,23:29:14,00:38:03,fix,
Jbe113,jbe113@uclive.ac.nz,SENG202,SENG202 Project Phase 2,,Looking for and testing the best options for generating UML diagrams,No,2017-09-25,10:45:57,2017-09-25,11:45:39,00:59:42,research,
Jbe113,jbe113@uclive.ac.nz,SENG202,SENG202 Project Phase 2,,meeting,No,2017-09-25,12:30:48,2017-09-25,12:50:48,00:20:00,meeting,
Jbe113,jbe113@uclive.ac.nz,SENG202,SENG202 Project Phase 2,,Fixing file path issues,No,2017-09-25,14:41:09,2017-09-25,16:53:47,02:12:38,fix,
Jbe113,jbe113@uclive.ac.nz,SENG202,SENG202 Project Phase 2,,CsvLoader merge and some changes to the loading of csv error handling,No,2017-09-25,18:17:26,2017-09-25,19:45:28,01:28:02,fix,
Jbe113,jbe113@uclive.ac.nz,SENG202,SENG202 Project Phase 2,,Attempting to fix scrollbar issue in tableviews,No,2017-09-25,20:05:28,2017-09-25,21:14:32,01:09:04,fix,
Jbe113,jbe113@uclive.ac.nz,SENG202,SENG202 Project Phase 2,,Changing package structure for deployment,No,2017-09-25,21:14:41,2017-09-26,00:33:49,03:19:08,refactor,
Jbe113,jbe113@uclive.ac.nz,SENG202,SENG202 Project Phase 2,,Various changes and updates throughout the document. Including comparison of competition and some more package diagrams,No,2017-09-26,01:07:19,2017-09-26,02:05:57,00:58:38,designdoc,
Jbe113,jbe113@uclive.ac.nz,SENG202,SENG202 Project Phase 2,,Design Document Updates,No,2017-09-26,09:50:03,2017-09-26,10:37:31,00:47:28,designdoc,
Jbe113,jbe113@uclive.ac.nz,SENG202,SENG202 Project Phase 2,,Design Document Updates,No,2017-09-26,12:31:57,2017-09-26,12:33:09,00:01:12,designdoc,
Jbe113,jbe113@uclive.ac.nz,SENG202,SENG202 Project Phase 2,,Design Document Updates,No,2017-09-26,13:00:58,2017-09-26,14:00:58,01:00:00,designdoc,
