﻿User,Email,Client,Project,Task,Description,Billable,Start date,Start time,End date,End time,Duration,Tags,Amount ()
Och26,och26@uclive.ac.nz,SENG202,Seng202Phase3,,debug TOS/confirm password,No,2017-09-27,17:50:16,2017-09-27,17:51:07,00:00:51,fix,
Och26,och26@uclive.ac.nz,SENG202,Seng202Phase3,,creation of local files (for users),No,2017-09-27,18:11:15,2017-09-27,18:14:31,00:03:16,implement,
Och26,och26@uclive.ac.nz,SENG202,Seng202Phase3,,creation of local files (for users),No,2017-09-27,18:17:21,2017-09-27,18:24:22,00:07:01,implement,
Och26,och26@uclive.ac.nz,SENG202,Seng202Phase3,,creation of local files (for users),No,2017-09-27,18:32:45,2017-09-27,18:45:39,00:12:54,implement,
Och26,och26@uclive.ac.nz,SENG202,Seng202Phase3,,Organise things to do,No,2017-09-27,19:57:02,2017-09-27,20:06:36,00:09:34,chore,
Och26,och26@uclive.ac.nz,SENG202,Seng202Phase3,,creation of local files (for users),No,2017-09-27,20:06:40,2017-09-27,20:22:59,00:16:19,implement,
Och26,och26@uclive.ac.nz,SENG202,Seng202Phase3,,creation of local files (for users),No,2017-09-27,21:11:33,2017-09-27,21:11:39,00:00:06,implement,
Och26,och26@uclive.ac.nz,SENG202,Seng202Phase3,,move test files,No,2017-09-27,21:12:09,2017-09-27,22:05:32,00:53:23,test,
Och26,och26@uclive.ac.nz,SENG202,Seng202Phase3,,creation of local files (for users),No,2017-09-28,13:20:46,2017-09-28,13:24:07,00:03:21,implement,
Och26,och26@uclive.ac.nz,SENG202,Seng202Phase3,,Improve .getDescription() - checks for null/-1 flag,No,2017-09-28,13:24:27,2017-09-28,13:29:38,00:05:11,implement,
Och26,och26@uclive.ac.nz,SENG202,Seng202Phase3,,Improve .getDescription() - checks for null/-1 flag,No,2017-09-28,14:02:03,2017-09-28,14:30:56,00:28:53,implement,
Och26,och26@uclive.ac.nz,SENG202,Seng202Phase3,,Improve .getDescription() - checks for null/-1 flag,No,2017-09-28,14:36:33,2017-09-28,14:40:35,00:04:02,implement,
Och26,och26@uclive.ac.nz,SENG202,Seng202Phase3,,Improve .getDescription() - checks for null/-1 flag,No,2017-09-28,14:42:16,2017-09-28,15:20:22,00:38:06,implement,
Och26,och26@uclive.ac.nz,SENG202,Seng202Phase3,,Improve .getDescription() - checks for null/-1 flag,No,2017-09-28,15:23:21,2017-09-28,15:33:16,00:09:55,implement,
Och26,och26@uclive.ac.nz,SENG202,Seng202Phase3,,Improve .getDescription() - checks for null/-1 flag,No,2017-09-29,14:16:17,2017-09-29,15:52:17,01:36:00,implement,
Och26,och26@uclive.ac.nz,SENG202,Seng202Phase3,,Improve .getDescription() - checks for null/-1 flag,No,2017-09-29,18:45:14,2017-09-29,19:01:25,00:16:11,implement,
Och26,och26@uclive.ac.nz,SENG202,Seng202Phase3,,"capitalisation, etc. of gui",No,2017-09-29,19:55:17,2017-09-29,21:13:59,01:18:42,refactor,
Och26,och26@uclive.ac.nz,SENG202,Seng202Phase3,,display gender description in bike trip table,No,2017-09-29,22:07:37,2017-09-29,22:19:43,00:12:06,refactor,
Och26,och26@uclive.ac.nz,SENG202,Seng202Phase3,,display contextual distance in biketrip table,No,2017-09-29,22:20:12,2017-09-29,22:47:14,00:27:02,refactor,
Och26,och26@uclive.ac.nz,SENG202,Seng202Phase3,,tidying up constructors of DataPoints,No,2017-09-29,22:47:38,2017-09-29,23:04:35,00:16:57,refactor,
Och26,och26@uclive.ac.nz,SENG202,Seng202Phase3,,work on retailer's attributes,No,2017-09-29,23:04:52,2017-09-29,23:13:58,00:09:06,refactor,
Och26,och26@uclive.ac.nz,SENG202,Seng202Phase3,,work on retailer's attributes,No,2017-09-29,23:41:28,2017-09-30,00:16:16,00:34:48,refactor,
Och26,och26@uclive.ac.nz,SENG202,Seng202Phase3,,work on retailer's attributes,No,2017-09-30,00:21:07,2017-09-30,00:31:54,00:10:47,refactor,
Och26,och26@uclive.ac.nz,SENG202,Seng202Phase3,,work on retailer's attributes,No,2017-09-30,01:14:30,2017-09-30,01:43:30,00:29:00,refactor,
Och26,och26@uclive.ac.nz,SENG202,Seng202Phase3,,fix WiFi bug,No,2017-09-30,01:43:31,2017-09-30,02:22:42,00:39:11,fix,
Och26,och26@uclive.ac.nz,SENG202,Seng202Phase3,,work on retailer's attributes,No,2017-09-30,02:22:43,2017-09-30,03:16:42,00:53:59,refactor,
Och26,och26@uclive.ac.nz,SENG202,Seng202Phase3,,fix bug where closest retailer to X doesn't pass,No,2017-09-30,15:03:41,2017-09-30,15:29:21,00:25:41,fix,
Och26,och26@uclive.ac.nz,SENG202,Seng202Phase3,,display contextual distance in biketrip table,No,2017-09-30,15:31:04,2017-09-30,15:45:10,00:14:06,refactor,
Och26,och26@uclive.ac.nz,SENG202,Seng202Phase3,,use genderDescription in BikeTripTable,No,2017-09-30,15:45:21,2017-09-30,15:46:29,00:01:08,implement,
Och26,och26@uclive.ac.nz,SENG202,Seng202Phase3,,Writing user manual,No,2017-09-30,15:46:39,2017-09-30,16:07:59,00:21:20,document,
Och26,och26@uclive.ac.nz,SENG202,Seng202Phase3,,Writing user manual,No,2017-10-01,15:38:20,2017-10-01,15:40:39,00:02:19,document,
Och26,och26@uclive.ac.nz,SENG202,Seng202Phase3,,running tests,No,2017-10-01,15:44:31,2017-10-01,15:52:07,00:07:36,test,
Och26,och26@uclive.ac.nz,SENG202,Seng202Phase3,,fix failing tests related to finding closest retailer,No,2017-10-01,15:52:17,2017-10-01,15:59:25,00:07:08,fix,
Och26,och26@uclive.ac.nz,SENG202,Seng202Phase3,,fix failing tests related to finding closest retailer,No,2017-10-01,16:32:55,2017-10-01,17:07:39,00:34:44,fix,
Och26,och26@uclive.ac.nz,SENG202,Seng202Phase3,,rename buttons,No,2017-10-01,17:07:41,2017-10-01,17:08:18,00:00:37,refactor,
Och26,och26@uclive.ac.nz,SENG202,Seng202Phase3,,image manipulation for selected images,No,2017-10-01,17:08:53,2017-10-01,17:10:54,00:02:01,implement,
Och26,och26@uclive.ac.nz,SENG202,Seng202Phase3,,image manipulation for selected images,No,2017-10-01,17:15:13,2017-10-01,17:21:17,00:06:04,implement,
Och26,och26@uclive.ac.nz,SENG202,Seng202Phase3,,cleanup: removing extraneous print statements,No,2017-10-01,17:21:33,2017-10-01,17:42:19,00:20:45,refactor,
Och26,och26@uclive.ac.nz,SENG202,Seng202Phase3,,cleanup: removing extraneous print statements,No,2017-10-01,18:04:21,2017-10-01,18:18:51,00:14:30,refactor,
Och26,och26@uclive.ac.nz,SENG202,Seng202Phase3,,image manipulation for selected images,No,2017-10-01,18:18:54,2017-10-01,18:49:25,00:30:31,implement,
Och26,och26@uclive.ac.nz,SENG202,Seng202Phase3,,Deal with being unable to make directory structure,No,2017-10-01,19:04:37,2017-10-01,19:10:34,00:05:57,implement,
Och26,och26@uclive.ac.nz,SENG202,Seng202Phase3,,monday w10 meeting,No,2017-10-02,12:25:49,2017-10-02,12:52:49,00:27:00,meeting,
Och26,och26@uclive.ac.nz,SENG202,Seng202Phase3,,manual testing of GUI,No,2017-10-02,19:21:57,2017-10-02,19:42:57,00:21:00,testmanual,
Och26,och26@uclive.ac.nz,SENG202,Seng202Phase3,,CsvExporter,No,2017-10-02,20:53:16,2017-10-02,20:55:54,00:02:38,implement,
Och26,och26@uclive.ac.nz,SENG202,Seng202Phase3,,fix maven warnings,No,2017-10-02,21:00:45,2017-10-02,21:10:45,00:10:00,fix,
Och26,och26@uclive.ac.nz,SENG202,Seng202Phase3,,formalise documentation of attributes of DataPoints,No,2017-10-02,21:19:36,2017-10-02,21:51:03,00:31:27,document,
Och26,och26@uclive.ac.nz,SENG202,Seng202Phase3,,formalise documentation of attributes of DataPoints,No,2017-10-02,22:01:47,2017-10-02,22:29:29,00:27:42,document,
Och26,och26@uclive.ac.nz,SENG202,Seng202Phase3,,formalise documentation of attributes of DataPoints,No,2017-10-02,22:30:27,2017-10-02,22:42:27,00:12:00,document,
Och26,och26@uclive.ac.nz,SENG202,Seng202Phase3,,CsvExporter,No,2017-10-02,23:26:28,2017-10-03,00:13:06,00:46:38,implement,
Och26,och26@uclive.ac.nz,SENG202,Seng202Phase3,,CsvExporter,No,2017-10-03,10:20:46,2017-10-03,10:23:25,00:02:39,implement,
Och26,och26@uclive.ac.nz,SENG202,Seng202Phase3,,CsvExporter,No,2017-10-03,10:24:00,2017-10-03,10:51:00,00:27:00,implement,
Och26,och26@uclive.ac.nz,SENG202,Seng202Phase3,,CsvExporter tests,No,2017-10-03,14:10:20,2017-10-03,15:07:20,00:57:00,test,
Och26,och26@uclive.ac.nz,SENG202,Seng202Phase3,,CsvExporter,No,2017-10-03,15:08:35,2017-10-03,15:30:35,00:22:00,implement,
Och26,och26@uclive.ac.nz,SENG202,Seng202Phase3,,CsvExporter,No,2017-10-03,15:42:42,2017-10-03,15:48:42,00:06:00,implement,
Och26,och26@uclive.ac.nz,SENG202,Seng202Phase3,,CsvExporter,No,2017-10-03,19:37:54,2017-10-03,19:51:53,00:13:59,implement,
Och26,och26@uclive.ac.nz,SENG202,Seng202Phase3,,CsvExporter,No,2017-10-03,20:05:19,2017-10-03,20:16:12,00:10:53,implement,
Och26,och26@uclive.ac.nz,SENG202,Seng202Phase3,,CsvExporter on the GUI,No,2017-10-03,21:23:22,2017-10-03,21:43:23,00:20:01,implement,
Och26,och26@uclive.ac.nz,SENG202,Seng202Phase3,,CsvExporter on the GUI,No,2017-10-03,23:03:43,2017-10-03,23:20:03,00:16:20,implement,
Och26,och26@uclive.ac.nz,SENG202,Seng202Phase3,,manual testing of GUI,No,2017-10-03,23:20:06,2017-10-03,23:40:06,00:20:00,testmanual,
Och26,och26@uclive.ac.nz,SENG202,Seng202Phase3,,fixing tests for CSVExporter,No,2017-10-03,23:41:00,2017-10-04,00:16:00,00:35:00,fix,
Och26,och26@uclive.ac.nz,SENG202,Seng202Phase3,,fixing tests for CSVExporter,No,2017-10-04,12:44:48,2017-10-04,12:55:03,00:10:15,fix,
Och26,och26@uclive.ac.nz,SENG202,Seng202Phase3,,CsvExporter,No,2017-10-04,13:09:38,2017-10-04,13:28:27,00:18:49,implement,
Och26,och26@uclive.ac.nz,SENG202,Seng202Phase3,,thursday w10 meeting,No,2017-10-05,09:55:20,2017-10-05,10:55:20,01:00:00,meeting,
Och26,och26@uclive.ac.nz,SENG202,Seng202Phase3,,fix hovertext on the map,No,2017-10-05,11:10:40,2017-10-05,11:29:25,00:18:45,fix,
Och26,och26@uclive.ac.nz,SENG202,Seng202Phase3,,addonerecord and other database stuff,No,2017-10-05,11:29:36,2017-10-05,13:08:52,01:39:16,implement,
Och26,och26@uclive.ac.nz,SENG202,Seng202Phase3,,dealing with co-ordless retailer,No,2017-10-05,13:09:04,2017-10-05,13:19:33,00:10:29,implement,
Och26,och26@uclive.ac.nz,SENG202,Seng202Phase3,,fix csv exporting - adding quotes to strings and checking for null wifi datetime,No,2017-10-06,11:57:40,2017-10-06,12:30:40,00:33:00,fix,
Och26,och26@uclive.ac.nz,SENG202,Seng202Phase3,,organising trello,No,2017-10-06,13:15:20,2017-10-06,13:27:12,00:11:52,chore,
Och26,och26@uclive.ac.nz,SENG202,Seng202Phase3,,fix hovertext,No,2017-10-06,13:28:59,2017-10-06,13:36:07,00:07:08,fix,
Och26,och26@uclive.ac.nz,SENG202,Seng202Phase3,,testing export CSVs,No,2017-10-06,13:44:47,2017-10-06,14:21:06,00:36:19,testmanual,
Och26,och26@uclive.ac.nz,SENG202,Seng202Phase3,,organising trello,No,2017-10-06,14:21:07,2017-10-06,14:30:35,00:09:28,chore,
Och26,och26@uclive.ac.nz,SENG202,Seng202Phase3,,testing export CSVs,No,2017-10-06,14:30:37,2017-10-06,14:56:22,00:25:45,testmanual,
Och26,och26@uclive.ac.nz,SENG202,Seng202Phase3,,adjusting defaults and other misc cleanup for the add datapoint dialogs,No,2017-10-06,20:45:38,2017-10-06,21:06:35,00:20:57,fix,
Och26,och26@uclive.ac.nz,SENG202,Seng202Phase3,,adjusting defaults and other misc cleanup for the add datapoint dialogs,No,2017-10-06,21:16:02,2017-10-06,21:55:59,00:39:57,fix,
Och26,och26@uclive.ac.nz,SENG202,Seng202Phase3,,adjusting defaults for add datapoint dialogs,No,2017-10-06,21:58:33,2017-10-06,22:10:42,00:12:09,fix,
Och26,och26@uclive.ac.nz,SENG202,Seng202Phase3,,adjusting defaults and other misc cleanup for the add datapoint dialogs,No,2017-10-06,22:22:12,2017-10-06,22:47:57,00:25:45,fix,
Och26,och26@uclive.ac.nz,SENG202,Seng202Phase3,,tell the user if their biketrip starts and ends at the same time,No,2017-10-06,22:48:18,2017-10-06,23:00:18,00:12:00,implement,
Och26,och26@uclive.ac.nz,SENG202,Seng202Phase3,,"LoginController: streamline validity checks, add check for password length, tidy up error messages, make fields black again if a different error occurs",No,2017-10-06,23:00:02,2017-10-06,23:20:02,00:20:00,fix,
Och26,och26@uclive.ac.nz,SENG202,Seng202Phase3,,Writing user manual - CSV format (also making fixes to code as I realise what should be fixed),No,2017-10-07,15:06:57,2017-10-07,15:57:57,00:51:00,document,
Och26,och26@uclive.ac.nz,SENG202,Seng202Phase3,,Writing user manual - CSV format (also making fixes to code as I realise what should be fixed),No,2017-10-07,23:32:21,2017-10-07,23:37:35,00:05:14,document,
Och26,och26@uclive.ac.nz,SENG202,Seng202Phase3,,running tests and making fixes so they pass,No,2017-10-07,23:37:55,2017-10-07,23:44:44,00:06:49,test,
Och26,och26@uclive.ac.nz,SENG202,Seng202Phase3,,Writing user manual - CSV format (also making fixes to code as I realise what should be fixed),No,2017-10-07,23:44:45,2017-10-08,00:14:08,00:29:23,document,
Och26,och26@uclive.ac.nz,SENG202,Seng202Phase3,,adding methods to CSVExporter that take an arraylist of datapoints and a filename,No,2017-10-08,00:21:01,2017-10-08,00:27:01,00:06:00,,
Och26,och26@uclive.ac.nz,SENG202,Seng202Phase3,,supporting lists in CSVExporter,No,2017-10-08,16:30:01,2017-10-08,16:47:36,00:17:35,implement,
Och26,och26@uclive.ac.nz,SENG202,Seng202Phase3,,merging CSVExporterLists into master,No,2017-10-08,19:58:34,2017-10-08,20:00:32,00:01:58,chore,
Och26,och26@uclive.ac.nz,SENG202,Seng202Phase3,,testing exporting CSVs - what null values do,No,2017-10-08,20:03:03,2017-10-08,20:11:03,00:08:00,testmanual,
Och26,och26@uclive.ac.nz,SENG202,Seng202Phase3,,GUI cleanup,No,2017-10-08,20:14:16,2017-10-08,21:03:55,00:49:38,fix,
Och26,och26@uclive.ac.nz,SENG202,Seng202Phase3,,GUI cleanup,No,2017-10-08,21:26:28,2017-10-08,21:58:34,00:32:06,fix,
Och26,och26@uclive.ac.nz,SENG202,Seng202Phase3,,GUI cleanup,No,2017-10-08,22:19:48,2017-10-08,22:22:40,00:02:52,fix,
Och26,och26@uclive.ac.nz,SENG202,Seng202Phase3,,GUI cleanup,No,2017-10-08,23:14:30,2017-10-08,23:39:21,00:24:51,fix,
Och26,och26@uclive.ac.nz,SENG202,Seng202Phase3,,GUI cleanup,No,2017-10-08,23:55:20,2017-10-09,03:25:20,03:30:00,fix,
Och26,och26@uclive.ac.nz,SENG202,Seng202Phase3,,meeting monday w11,No,2017-10-09,12:19:17,2017-10-09,12:56:17,00:37:00,meeting,
Och26,och26@uclive.ac.nz,SENG202,Seng202Phase3,,displaying null values in the table,No,2017-10-09,13:57:14,2017-10-09,14:44:38,00:47:24,fix,
Och26,och26@uclive.ac.nz,SENG202,Seng202Phase3,,fixing failing tests,No,2017-10-09,14:44:53,2017-10-09,15:10:24,00:25:31,fix,
Och26,och26@uclive.ac.nz,SENG202,Seng202Phase3,,displaying null values in the table,No,2017-10-09,15:10:24,2017-10-09,15:11:27,00:01:03,fix,
Och26,och26@uclive.ac.nz,SENG202,Seng202Phase3,,sort out lat/long = -1,No,2017-10-09,15:12:20,2017-10-09,15:42:34,00:30:14,fix,
Och26,och26@uclive.ac.nz,SENG202,Seng202Phase3,,GUI cleanup,No,2017-10-09,15:42:36,2017-10-09,16:53:28,01:10:52,fix,
Och26,och26@uclive.ac.nz,SENG202,Seng202Phase3,,GUI cleanup,No,2017-10-09,21:05:42,2017-10-09,22:34:12,01:28:30,fix,
Och26,och26@uclive.ac.nz,SENG202,Seng202Phase3,,Writing user manual,No,2017-10-09,22:34:22,2017-10-09,23:00:55,00:26:33,document,
Och26,och26@uclive.ac.nz,SENG202,Seng202Phase3,,fixing order of elements in GUIs,No,2017-10-09,23:01:10,2017-10-09,23:29:37,00:28:27,fix,
Och26,och26@uclive.ac.nz,SENG202,Seng202Phase3,,Writing user manual,No,2017-10-09,23:29:39,2017-10-10,00:00:39,00:31:00,document,
Och26,och26@uclive.ac.nz,SENG202,Seng202Phase3,,Writing user manual,No,2017-10-10,00:00:00,2017-10-10,01:14:22,01:14:22,document,
Och26,och26@uclive.ac.nz,SENG202,Seng202Phase3,,GUI cleanup,No,2017-10-10,01:14:24,2017-10-10,01:25:15,00:10:51,fix,
Och26,och26@uclive.ac.nz,SENG202,Seng202Phase3,,manual testing of GUI,No,2017-10-10,01:25:22,2017-10-10,01:32:36,00:07:14,testmanual,
Och26,och26@uclive.ac.nz,SENG202,Seng202Phase3,,Writing user manual,No,2017-10-10,01:32:39,2017-10-10,01:47:01,00:14:22,document,
Och26,och26@uclive.ac.nz,SENG202,Seng202Phase3,,manual testing of GUI,No,2017-10-10,11:12:30,2017-10-10,11:44:35,00:32:05,testmanual,
Och26,och26@uclive.ac.nz,SENG202,Seng202Phase3,,Writing user manual,No,2017-10-10,11:44:37,2017-10-10,12:07:07,00:22:30,document,
Och26,och26@uclive.ac.nz,SENG202,Seng202Phase3,,GUI cleanup,No,2017-10-10,12:07:10,2017-10-10,12:34:53,00:27:43,fix,
Och26,och26@uclive.ac.nz,SENG202,Seng202Phase3,,Writing user manual,No,2017-10-10,12:34:56,2017-10-10,14:00:56,01:26:00,document,
