﻿User,Email,Client,Project,Task,Description,Billable,Start date,Start time,End date,End time,Duration,Tags,Amount ()
Rna59,rna59@uclive.ac.nz,SENG202,Seng202Phase3,,Meeting,No,2017-09-28,10:00:14,2017-09-28,11:00:14,01:00:00,meeting,
Rna59,rna59@uclive.ac.nz,SENG202,Seng202Phase3,,Lab,No,2017-09-28,11:00:47,2017-09-28,12:30:47,01:30:00,lab,
Rna59,rna59@uclive.ac.nz,SENG202,Seng202Phase3,,Fix remote maven issues,No,2017-09-28,21:06:43,2017-09-28,23:05:32,01:58:49,chore,
Rna59,rna59@uclive.ac.nz,SENG202,Seng202Phase3,,Store user records in database,No,2017-09-29,13:05:14,2017-09-29,16:49:52,03:44:37,implement,
Rna59,rna59@uclive.ac.nz,SENG202,Seng202Phase3,,Store user records in database / About View,No,2017-10-01,21:30:27,2017-10-02,01:37:07,04:06:40,implement,
Rna59,rna59@uclive.ac.nz,SENG202,Seng202Phase3,,Meeting,No,2017-10-02,12:30:00,2017-10-02,13:00:00,00:30:00,meeting,
Rna59,rna59@uclive.ac.nz,SENG202,Seng202Phase3,,DatabaseManager documentation and refactoring,No,2017-10-04,22:41:05,2017-10-04,23:51:32,01:10:27,document,
Rna59,rna59@uclive.ac.nz,SENG202,Seng202Phase3,,Fix bikeid storing,No,2017-10-05,11:10:00,2017-10-05,11:42:00,00:32:00,fix,
Rna59,rna59@uclive.ac.nz,SENG202,Seng202Phase3,,MapDatabaseImplementation,No,2017-10-05,11:42:51,2017-10-05,13:18:18,01:35:27,implement,
Rna59,rna59@uclive.ac.nz,SENG202,Seng202Phase3,,MapDatabaseImplementation,No,2017-10-06,13:15:34,2017-10-06,14:14:47,00:59:13,implement,
Rna59,rna59@uclive.ac.nz,SENG202,Seng202Phase3,,DatabaseLists,No,2017-10-06,14:14:57,2017-10-06,15:47:37,01:32:40,implement,
Rna59,rna59@uclive.ac.nz,SENG202,Seng202Phase3,,DatabaseLists,No,2017-10-07,20:31:32,2017-10-07,23:00:32,02:29:00,implement,
Rna59,rna59@uclive.ac.nz,SENG202,Seng202Phase3,,DatabaseLists,No,2017-10-08,10:58:15,2017-10-08,14:49:07,03:50:52,implement,
Rna59,rna59@uclive.ac.nz,SENG202,Seng202Phase3,,DatabaseLists,No,2017-10-08,21:45:02,2017-10-09,03:30:02,05:45:00,implement,
Rna59,rna59@uclive.ac.nz,SENG202,Seng202Phase3,,DatabaseLists,No,2017-10-09,10:20:05,2017-10-09,13:01:43,02:41:38,implement,
Rna59,rna59@uclive.ac.nz,SENG202,Seng202Phase3,,DatabaseLists,No,2017-10-09,14:06:28,2017-10-09,19:45:28,05:39:00,implement,
Rna59,rna59@uclive.ac.nz,SENG202,Seng202Phase3,,Improving database efficiency,No,2017-10-09,20:14:01,2017-10-09,21:56:59,01:42:58,fix,
Rna59,rna59@uclive.ac.nz,SENG202,Seng202Phase3,,Improving database efficiency,No,2017-10-09,23:29:49,2017-10-10,02:16:58,02:47:09,fix,
Rna59,rna59@uclive.ac.nz,SENG202,Seng202Phase3,,Improving database efficiency,No,2017-10-10,12:34:07,2017-10-10,14:16:53,01:42:46,fix,
