﻿User,Email,Client,Project,Task,Description,Billable,Start date,Start time,End date,End time,Duration,Tags,Amount ()
Jbu71,jbu71@uclive.ac.nz,SENG202,Seng202Phase3,,modifying login screen ,No,2017-09-27,16:10:01,2017-09-27,17:20:23,01:10:22,implement,
Jbu71,jbu71@uclive.ac.nz,SENG202,Seng202Phase3,,modifying login screen ,No,2017-09-27,19:53:36,2017-09-27,20:38:21,00:44:45,implement,
Jbu71,jbu71@uclive.ac.nz,SENG202,Seng202Phase3,,modifying login screen ,No,2017-09-28,17:42:54,2017-09-28,18:46:16,01:03:22,implement,
Jbu71,jbu71@uclive.ac.nz,SENG202,Seng202Phase3,,add more support for custom bike trips ,No,2017-09-28,20:27:18,2017-09-28,22:01:47,01:34:29,implement,
Jbu71,jbu71@uclive.ac.nz,SENG202,Seng202Phase3,,add more support for custom bike trips ,No,2017-09-28,22:40:08,2017-09-28,23:00:19,00:20:11,implement,
Jbu71,jbu71@uclive.ac.nz,SENG202,Seng202Phase3,,merge changes to custom bike trips ,No,2017-09-29,12:10:41,2017-09-29,12:23:23,00:12:42,implement,
Jbu71,jbu71@uclive.ac.nz,SENG202,Seng202Phase3,,check to see if user exists ,No,2017-09-29,12:25:07,2017-09-29,12:42:09,00:17:02,implement,
Jbu71,jbu71@uclive.ac.nz,SENG202,Seng202Phase3,,writing csv using apache csv module,No,2017-09-29,12:42:34,2017-09-29,12:47:12,00:04:38,research,
Jbu71,jbu71@uclive.ac.nz,SENG202,Seng202Phase3,,group implementation session,No,2017-09-29,12:55:07,2017-09-29,15:27:00,02:31:53,implement,
Jbu71,jbu71@uclive.ac.nz,SENG202,Seng202Phase3,,display bike trips on map,No,2017-09-30,13:48:55,2017-09-30,14:13:07,00:24:12,implement,
Jbu71,jbu71@uclive.ac.nz,SENG202,Seng202Phase3,,display bike trips on map,No,2017-09-30,16:10:54,2017-09-30,17:14:22,01:03:28,implement,
Jbu71,jbu71@uclive.ac.nz,SENG202,Seng202Phase3,,weekly meeting,No,2017-10-02,12:15:44,2017-10-02,12:55:11,00:39:27,meeting,
Jbu71,jbu71@uclive.ac.nz,SENG202,Seng202Phase3,,display bike trips on map,No,2017-10-02,15:31:25,2017-10-02,16:04:22,00:32:57,implement,
Jbu71,jbu71@uclive.ac.nz,SENG202,Seng202Phase3,,change password ,No,2017-10-02,16:04:40,2017-10-02,16:42:11,00:37:31,implement,
Jbu71,jbu71@uclive.ac.nz,SENG202,Seng202Phase3,,add absolute searching to the table view ,No,2017-10-02,18:59:51,2017-10-02,20:56:41,01:56:50,implement,
Jbu71,jbu71@uclive.ac.nz,SENG202,Seng202Phase3,,add absolute searching to the table view ,No,2017-10-03,12:00:34,2017-10-03,12:28:07,00:27:33,implement,
Jbu71,jbu71@uclive.ac.nz,SENG202,Seng202Phase3,,add absolute searching to the table view for retailers ,No,2017-10-03,12:28:09,2017-10-03,13:16:40,00:48:31,implement,
Jbu71,jbu71@uclive.ac.nz,SENG202,Seng202Phase3,,add absolute searching to the table view for bike trips ,No,2017-10-03,14:21:44,2017-10-03,14:58:55,00:37:11,implement,
Jbu71,jbu71@uclive.ac.nz,SENG202,Seng202Phase3,,weekly meeting ,No,2017-10-05,10:00:11,2017-10-05,10:57:26,00:57:15,meeting,
Jbu71,jbu71@uclive.ac.nz,SENG202,Seng202Phase3,,tidy up gui flaws ,No,2017-10-05,11:00:41,2017-10-05,11:40:31,00:39:50,implement,
Jbu71,jbu71@uclive.ac.nz,SENG202,Seng202Phase3,,add right click view on map,No,2017-10-05,11:40:50,2017-10-05,12:55:18,01:14:28,implement,
Jbu71,jbu71@uclive.ac.nz,SENG202,Seng202Phase3,,add right click view on map,No,2017-10-06,10:57:59,2017-10-06,11:49:23,00:51:24,implement,
Jbu71,jbu71@uclive.ac.nz,SENG202,Seng202Phase3,,tidy up trello and gitlab ,No,2017-10-06,11:53:19,2017-10-06,12:00:12,00:06:52,chore,
Jbu71,jbu71@uclive.ac.nz,SENG202,Seng202Phase3,,user manual,No,2017-10-06,12:47:27,2017-10-06,13:20:59,00:33:32,designdoc,
Jbu71,jbu71@uclive.ac.nz,SENG202,Seng202Phase3,,fix broken tab pane,No,2017-10-06,13:34:08,2017-10-06,13:44:20,00:10:12,fix,
Jbu71,jbu71@uclive.ac.nz,SENG202,Seng202Phase3,,fixing tab order,No,2017-10-06,13:55:52,2017-10-06,14:51:17,00:55:25,fix,
Jbu71,jbu71@uclive.ac.nz,SENG202,Seng202Phase3,,user manual,No,2017-10-07,16:01:43,2017-10-07,16:09:43,00:08:00,designdoc,
Jbu71,jbu71@uclive.ac.nz,SENG202,Seng202Phase3,,fix change password ,No,2017-10-07,16:45:57,2017-10-07,17:28:27,00:42:30,fix,
Jbu71,jbu71@uclive.ac.nz,SENG202,Seng202Phase3,,load lists from the database ,No,2017-10-08,15:36:07,2017-10-08,17:15:49,01:39:42,implement,
Jbu71,jbu71@uclive.ac.nz,SENG202,Seng202Phase3,,load lists from the database ,No,2017-10-08,21:26:46,2017-10-08,23:08:22,01:41:36,implement,
Jbu71,jbu71@uclive.ac.nz,SENG202,Seng202Phase3,,weekly meeting ,No,2017-10-09,12:30:01,2017-10-09,13:00:35,00:30:34,meeting,
Jbu71,jbu71@uclive.ac.nz,SENG202,Seng202Phase3,,change. equals ,No,2017-10-09,14:16:49,2017-10-09,15:09:19,00:52:30,refactor,
Jbu71,jbu71@uclive.ac.nz,SENG202,Seng202Phase3,,better searching ,No,2017-10-09,15:09:21,2017-10-09,16:14:46,01:05:25,implement,
Jbu71,jbu71@uclive.ac.nz,SENG202,Seng202Phase3,,design document update ,No,2017-10-09,16:14:45,2017-10-09,16:23:01,00:08:16,designdoc,
Jbu71,jbu71@uclive.ac.nz,SENG202,Seng202Phase3,,user manual ,No,2017-10-09,16:27:23,2017-10-09,16:54:52,00:27:29,document,
Jbu71,jbu71@uclive.ac.nz,SENG202,Seng202Phase3,,user manual ,No,2017-10-09,18:07:14,2017-10-09,18:31:56,00:24:42,document,
Jbu71,jbu71@uclive.ac.nz,SENG202,Seng202Phase3,,confirm deletion ,No,2017-10-09,20:25:26,2017-10-09,21:03:12,00:37:46,refactor,
Jbu71,jbu71@uclive.ac.nz,SENG202,Seng202Phase3,,merge branch ,No,2017-10-09,21:03:51,2017-10-09,21:10:11,00:06:20,chore,
Jbu71,jbu71@uclive.ac.nz,SENG202,Seng202Phase3,,user manual ,No,2017-10-09,21:10:13,2017-10-09,23:45:03,02:34:50,document,
Jbu71,jbu71@uclive.ac.nz,SENG202,Seng202Phase3,,check quality of product ,No,2017-10-10,09:54:15,2017-10-10,10:46:53,00:52:38,testmanual,
Jbu71,jbu71@uclive.ac.nz,SENG202,Seng202Phase3,,"design document update, user manual tweak",No,2017-10-10,11:03:31,2017-10-10,14:00:31,02:57:00,designdoc,
